书名,第1个关键词,第2个关键词,第3个关键词,第4个关键词,第5个关键词,第6个关键词,第7个关键词,第8个关键词,第9个关键词,第10个关键词,第11个关键词,第12个关键词,第13个关键词,第14个关键词,第15个关键词,第16个关键词,第17个关键词,第18个关键词,第19个关键词,第20个关键词
小王子（畅销300万册，作者基金会官方认证简体中文版）【果麦经典...,书,买,喜欢,读,子,王,孩子,不错,王子,本书,想,完,故事,大人,感觉,值得,经典,内容,中,说
好妈妈胜过好老师,孩子,书,教育,妈妈,中,买,读,家长,父母,作者,老师,本书,方法,做,学习,值得,推荐,朋友,说,不错
《地图（人文版）》手绘世界地图·儿童百科绘本,孩子,喜欢,书,地图,买,地理,世界,知识,绘,不错,国家,适合,内容,本书,小朋友,儿子,岁,大人,太,兴趣
岛上书店（李现推荐，每个人的生命中，都有无比艰难的那一年，将...,书,买,不错,读,喜欢,本书,书店,完,故事,中,值得,推荐,感觉,挺,内容,爱,想,包装,岛,好看
百年孤独（加西亚马尔克斯代表作）,书,读,孤独,买,百年,家族,中,不错,完,想,本书,马尔克斯,太,喜欢,感觉,说,人物,作品,名字,内容
从你的全世界路过,故事,书,不错,商品,张,喜欢,读,买,路过,嘉佳,里,想,中,全世界,电影,佳,写,本书,嘉,完
活着（余华经典著作）,书,买,完,读,余华,生活,喜欢,本书,不错,中,故事,感觉,作品,想,贵,电影,福,说,一生,次
学会爱自己（全3册）,孩子,书,保护,套,喜欢,买,自我,故事,女儿,教,教育,学会,随便,岁,讲,说,内容,适合,不错,读
不一样的卡梅拉（全6册）（适合2-10岁阅读）,不错,喜欢,孩子,书,商品,买,套,儿子,故事,拉,质量,挺,值得,读,小朋友,女儿,便宜,爱,适合,内容
摆渡人（系列畅销千万册。如果命运是一条孤独的河流，谁会是你灵...,书,买,摆渡,不错,读,喜欢,完,故事,本书,值得,中,好看,灵魂,感觉,伦,想,内容,推荐,挺,爱
不一样的卡梅拉（第二辑 全三册）,喜欢,买,书,孩子,辑,套,故事,儿子,拉,第一,岁,女儿,卡梅,读,讲,卡,梅,宝宝,小鸡,适合
如何说孩子才会听 怎么听孩子才肯说(软精装)——父母与孩子沟通的...,孩子,书,教育,中,沟通,方法,家长,买,父母,不错,说,本书,读,做,感觉,内容,方式,妈妈,学习,值得
追风筝的人（1-9年级必读书单）此版本已售罄，请购买新版,书,买,读,完,本书,故事,阿富汗,风筝,哈桑,不错,喜欢,小说,中,阿米尔,想,推荐,朋友,救,说,遍
秘密,不错,商品,书,买,本书,值得,喜欢,内容,读,挺,秘密,推荐,朋友,感觉,质量,中,说,正,完,太
不生病的智慧（中国优秀健康图书）,书,不错,买,商品,中,方法,朋友,健康,本书,养生,说,身体,内容,吃,喜欢,生活,实用,感觉,做,值得
东野圭吾：解忧杂货店（胡歌、王俊凯、刘昊然倾情推荐，东野圭吾...,书,吾,野圭,故事,买,读,完,喜欢,小说,杂货,店,本书,东,想,忧,解,中,不错,推理,感觉
窗边的小豆豆,孩子,书,豆,小豆,买,读,喜欢,教育,老师,学校,中,本书,不错,校长,推荐,巴学,女儿,完,故事,适合
偷影子的人,书,影子,买,读,完,喜欢,不错,故事,感觉,中,本书,想,说,内容,小说,偷,童年,爱情,推荐,感动
目送：龙应台,书,台,应,龙,喜欢,读,买,文字,中,目送,不错,写,父母,生活,孩子,本书,文章,感觉,值得,完
神奇校车·图画书版（全11册）,孩子,书,喜欢,套,买,岁,知识,神奇,车,儿子,内容,读,不错,校,小朋友,讲,适合,科普,科学,故事
